﻿图片名字,答案,选项,难度等级,是否可用(1:可用;0:不可用),知识点,知识点,知识点
1.jpg,D,A;B;C;D,简单,1,,力的分解,用牛顿运动定律解决问题（二）
10.jpg,C,A;B;C;D,简单,1,,,
100a.jpg,C,A;B;C;D,一般,1,,,力学单位制
101a.jpg,D,A;B;C;D,一般,1,相互作用,,
102a.jpg,B,A;B;C;D,困难,1,,,牛顿第三定律
10a.jpg,C,A;B;C;D,困难,1,,经典力学的局限性,太阳与行星间的引力
11.jpg,C,A;B;C;D,困难,1,宇宙航行,重力　基本相互作用,万有引力与航天
11a.jpg,D,A;B;C;D,困难,1,平抛运动,,
12.jpg,C,A;B;C;D,困难,1,,匀变速直线运动的位移与时间的关系,机械能守恒定律
12a.jpg,B,A;B;C;D,困难,1,,,牛顿第一定律
13.jpg,B,A;B;C;D,一般,1,,速度变化快慢的描述──加速度,向心加速度
13a.jpg,C,A;B;C;D,一般,1,,时间和位移,
14.jpg,C,A;B;C;D,困难,1,,机械能守恒定律,
14a.jpg,C,A;B;C;D,简单,1,,牛顿第二定律,弹力
15.jpg,A,A;B;C;D,困难,1,,行星的运动,宇宙航行
15a.jpg,B,A;B;C;D,一般,1,宇宙航行,,
16.jpg,A,A;B;C;D,一般,1,,,运动的描述
16a.jpg,A,A;B;C;D,困难,1,实验：验证机械能守恒定律,实验：探究小车速度随时间变化的规律,
17.jpg,C,A;B;C;D,困难,1,,生活中的圆周运动,
17a.jpg,A,A;B;C;D,困难,1,,,
18.jpg,C,A;B;C;D,一般,1,,用牛顿运动定律解决问题（二）,
18a.jpg,A,A;B;C;D,一般,1,,,牛顿第二定律
19.jpg,C,A;B;C;D,一般,1,匀变速直线运动的研究,重力　基本相互作用,
19a.jpg,D,A;B;C;D,简单,1,速度变化快慢的描述──加速度,万有引力理论的成就,机械能守恒定律
1a.jpg,C,A;B;C;D,困难,1,能量守恒定律与能源,,牛顿第一定律
2.jpg,B,A;B;C;D,困难,1,万有引力定律,太阳与行星间的引力,
20.jpg,B,A;B;C;D,一般,1,牛顿第三定律,,生活中的圆周运动
20a.jpg,B,A;B;C;D,一般,1,,,
21.jpg,C,A;B;C;D,简单,1,,,万有引力与航天
21a.jpg,B,A;B;C;D,一般,1,,匀变速直线运动的速度与时间的关系,
22.jpg,B,A;B;C;D,一般,1,运动快慢的描述--速度,机械能守恒定律,重力势能
22a.jpg,B,A;B;C;D,简单,1,,,
23.jpg,D,A;B;C;D,简单,1,,质点、参考系和坐标系,
23a.jpg,C,A;B;C;D,一般,1,圆周运动,,
24.jpg,A,A;B;C;D,简单,1,,,向心加速度
24a.jpg,C,A;B;C;D,困难,1,质点、参考系和坐标系,,实验：验证机械能守恒定律
25a.jpg,D,A;B;C;D,简单,1,能量守恒定律与能源,,时间和位移
26a.jpg,C,A;B;C;D,简单,1,机械能守恒定律,,
27a.jpg,D,A;B;C;D,困难,1,,万有引力理论的成就,
28a.jpg,D,A;B;C;D,一般,1,,向心加速度,实验：用打点计时器测速度
29a.jpg,D,A;B;C;D,困难,1,牛顿第三定律,探究弹性势能的表达式,万有引力定律
2a.jpg,B,A;B;C;D,简单,1,圆周运动,运动快慢的描述--速度,相互作用
3.jpg,D,A;B;C;D,一般,1,速度变化快慢的描述──加速度,机械能守恒定律,功
30a.jpg,B,A;B;C;D,简单,1,探究弹性势能的表达式,,
31a.jpg,D,A;B;C;D,困难,1,重力　基本相互作用,,
32a.jpg,C,A;B;C;D,困难,1,万有引力与航天,向心加速度,
33a.jpg,D,A;B;C;D,困难,1,生活中的圆周运动,,
34a.jpg,B,A;B;C;D,困难,1,牛顿运动定律,弹力,
35a.jpg,C,A;B;C;D,简单,1,,,伽利略对自由落体运动的研究
36a.jpg,C,A;B;C;D,困难,1,,,经典力学的局限性
37a.jpg,D,A;B;C;D,一般,1,,,
38a.jpg,A,A;B;C;D,简单,1,牛顿第三定律,,匀变速直线运动的研究
39a.jpg,B,A;B;C;D,一般,1,,,
3a.jpg,A,A;B;C;D,困难,1,,匀变速直线运动的位移与时间的关系,经典力学的局限性
4.jpg,B,A;B;C;D,困难,1,运动的描述,,
40a.jpg,C,A;B;C;D,一般,1,宇宙航行,实验：探究小车速度随时间变化的规律,用牛顿运动定律解决问题（二）
41a.jpg,B,A;B;C;D,简单,1,,运动快慢的描述--速度,
42a.jpg,B,A;B;C;D,困难,1,,,
43a.jpg,D,A;B;C;D,一般,1,,,
44a.jpg,D,A;B;C;D,困难,1,,向心加速度,
45a.jpg,A,A;B;C;D,困难,1,动能和动能定理,,
46a.jpg,C,A;B;C;D,简单,1,,弹力,牛顿第二定律
47a.jpg,A,A;B;C;D,简单,1,,生活中的圆周运动,平抛运动
48a.jpg,B,A;B;C;D,困难,1,运动快慢的描述--速度,,
49a.jpg,B,A;B;C;D,困难,1,摩擦力,,生活中的圆周运动
4a.jpg,D,A;B;C;D,简单,1,实验：探究加速度与力、质量的关系,实验：验证机械能守恒定律,
5.jpg,C,A;B;C;D,困难,1,匀变速直线运动的研究,重力　基本相互作用,
50a.jpg,D,A;B;C;D,一般,1,,牛顿第三定律,
51a.jpg,B,A;B;C;D,简单,1,万有引力与航天,,追寻守恒量——能量
52a.jpg,C,A;B;C;D,一般,1,功率,,
53a.jpg,A,A;B;C;D,一般,1,,,
54a.jpg,C,A;B;C;D,简单,1,,,
55a.jpg,B,A;B;C;D,一般,1,,万有引力与航天,功
56a.jpg,B,A;B;C;D,一般,1,向心加速度,实验：用打点计时器测速度,力学单位制
57a.jpg,C,A;B;C;D,一般,1,实验：研究平抛运动,向心力,
58a.jpg,C,A;B;C;D,一般,1,向心力,,
59a.jpg,C,A;B;C;D,一般,1,实验：验证机械能守恒定律,追寻守恒量——能量,
5a.jpg,D,A;B;C;D,困难,1,,,质点、参考系和坐标系
6.jpg,D,A;B;C;D,困难,1,,牛顿第一定律,
60a.jpg,A,A;B;C;D,一般,1,,,
61a.jpg,B,A;B;C;D,简单,1,实验：用打点计时器测速度,,
62a.jpg,A,A;B;C;D,一般,1,,,匀变速直线运动的位移与时间的关系
63a.jpg,D,A;B;C;D,困难,1,,,能量守恒定律与能源
64a.jpg,B,A;B;C;D,一般,1,,匀变速直线运动的速度与位移的关系,探究弹性势能的表达式
65a.jpg,D,A;B;C;D,困难,1,匀变速直线运动的研究,,实验：探究加速度与力、质量的关系
66a.jpg,D,A;B;C;D,困难,1,实验：用打点计时器测速度,质点、参考系和坐标系,
67a.jpg,A,A;B;C;D,简单,1,经典力学的局限性,摩擦力,
68a.jpg,C,A;B;C;D,简单,1,质点、参考系和坐标系,重力　基本相互作用,
69a.jpg,C,A;B;C;D,简单,1,,弹力,
6a.jpg,C,A;B;C;D,简单,1,自由落体运动,功率,
7.jpg,D,A;B;C;D,困难,1,万有引力理论的成就,圆周运动,
70a.jpg,A,A;B;C;D,一般,1,,摩擦力,
71a.jpg,B,A;B;C;D,一般,1,万有引力定律,,用牛顿运动定律解决问题（二）
72a.jpg,D,A;B;C;D,一般,1,,,
73a.jpg,B,A;B;C;D,一般,1,实验：验证机械能守恒定律,向心力,实验：探究加速度与力、质量的关系
74a.jpg,B,A;B;C;D,困难,1,,,
75a.jpg,B,A;B;C;D,一般,1,行星的运动,实验：探究小车速度随时间变化的规律,
76a.jpg,C,A;B;C;D,简单,1,万有引力与航天,用牛顿运动定律解决问题（二）,运动快慢的描述--速度
77a.jpg,C,A;B;C;D,一般,1,,力学单位制,
78a.jpg,A,A;B;C;D,困难,1,向心加速度,牛顿第一定律,
79a.jpg,A,A;B;C;D,简单,1,,牛顿第二定律,
7a.jpg,C,A;B;C;D,困难,1,,行星的运动,太阳与行星间的引力
8.jpg,B,A;B;C;D,一般,1,运动的描述,,实验：探究小车速度随时间变化的规律
80a.jpg,C,A;B;C;D,困难,1,匀变速直线运动的速度与时间的关系,动能和动能定理,
81a.jpg,D,A;B;C;D,一般,1,,实验：用打点计时器测速度,
82a.jpg,D,A;B;C;D,一般,1,,动能和动能定理,向心加速度
83a.jpg,C,A;B;C;D,困难,1,太阳与行星间的引力,功率,匀变速直线运动的速度与位移的关系
84a.jpg,D,A;B;C;D,困难,1,,宇宙航行,
85a.jpg,A,A;B;C;D,一般,1,,生活中的圆周运动,实验：验证机械能守恒定律
86a.jpg,A,A;B;C;D,一般,1,运动的描述,运动的描述,自由落体运动
87a.jpg,B,A;B;C;D,简单,1,,用牛顿运动定律解决问题（二）,
88a.jpg,A,A;B;C;D,困难,1,向心加速度,向心力,实验：用打点计时器测速度
89a.jpg,B,A;B;C;D,困难,1,,,
8a.jpg,D,A;B;C;D,简单,1,,匀变速直线运动的位移与时间的关系,
9.jpg,A,A;B;C;D,简单,1,用牛顿运动定律解决问题（二）,向心力,追寻守恒量——能量
90a.jpg,C,A;B;C;D,一般,1,,,
91a.jpg,B,A;B;C;D,困难,1,向心力,万有引力定律,
92a.jpg,D,A;B;C;D,困难,1,,时间和位移,宇宙航行
93a.jpg,D,A;B;C;D,一般,1,,,行星的运动
94a.jpg,A,A;B;C;D,一般,1,,,
95a.jpg,A,A;B;C;D,简单,1,牛顿第二定律,,
96a.jpg,A,A;B;C;D,简单,1,,力的合成,
97a.jpg,B,A;B;C;D,一般,1,曲线运动,用牛顿运动定律解决问题（一）,力的合成
98a.jpg,D,A;B;C;D,简单,1,运动的描述,,
99a.jpg,A,A;B;C;D,简单,1,匀变速直线运动的速度与时间的关系,,牛顿第二定律
9a.jpg,D,A;B;C;D,困难,1,,时间和位移,速度变化快慢的描述──加速度
110_1.jpg,C,A;B;C;D,简单,1,匀变速直线运动的速度与时间的关系,牛顿第三定律,
110_10.jpg,C,A;B;C;D,困难,1,能量守恒定律与能源,实验：探究加速度与力、质量的关系,
110_100a.jpg,A,A;B;C;D,简单,1,,力学单位制,宇宙航行
110_101a.jpg,C,A;B;C;D,一般,1,万有引力定律,能量守恒定律与能源,
110_102a.jpg,B,A;B;C;D,困难,1,摩擦力,,实验：研究平抛运动
110_10a.jpg,B,A;B;C;D,简单,1,自由落体运动,伽利略对自由落体运动的研究,
110_11.jpg,D,A;B;C;D,简单,1,探究弹性势能的表达式,,
110_11a.jpg,A,A;B;C;D,困难,1,弹力,能量守恒定律与能源,
110_12.jpg,D,A;B;C;D,一般,1,力学单位制,牛顿运动定律,动能和动能定理
110_12a.jpg,C,A;B;C;D,简单,1,,匀变速直线运动的位移与时间的关系,实验：探究加速度与力、质量的关系
110_13.jpg,D,A;B;C;D,简单,1,力的合成,生活中的圆周运动,牛顿第二定律
110_13a.jpg,B,A;B;C;D,困难,1,,,匀变速直线运动的位移与时间的关系
110_14.jpg,C,A;B;C;D,一般,1,匀变速直线运动的位移与时间的关系,动能和动能定理,
110_14a.jpg,D,A;B;C;D,一般,1,力的合成,,
110_15.jpg,C,A;B;C;D,一般,1,,运动的描述,圆周运动
110_15a.jpg,B,A;B;C;D,一般,1,力的分解,,实验：探究小车速度随时间变化的规律
110_16.jpg,B,A;B;C;D,简单,1,实验：研究平抛运动,,宇宙航行
110_16a.jpg,D,A;B;C;D,一般,1,能量守恒定律与能源,,向心力
110_17.jpg,C,A;B;C;D,简单,1,,,伽利略对自由落体运动的研究
110_17a.jpg,D,A;B;C;D,困难,1,牛顿第一定律,,
110_18.jpg,C,A;B;C;D,简单,1,能量守恒定律与能源,,
110_18a.jpg,D,A;B;C;D,一般,1,向心加速度,,机械能守恒定律
110_19.jpg,B,A;B;C;D,困难,1,经典力学的局限性,时间和位移,
110_19a.jpg,D,A;B;C;D,一般,1,,,能量守恒定律与能源
110_1a.jpg,A,A;B;C;D,简单,1,实验：探究功与速度变化的关系,万有引力与航天,用牛顿运动定律解决问题（一）
110_2.jpg,B,A;B;C;D,困难,1,功,匀变速直线运动的研究,
110_20.jpg,C,A;B;C;D,简单,1,,,
110_20a.jpg,B,A;B;C;D,困难,1,摩擦力,,质点、参考系和坐标系
110_21.jpg,A,A;B;C;D,简单,1,匀变速直线运动的研究,宇宙航行,平抛运动
110_21a.jpg,D,A;B;C;D,一般,1,,,生活中的圆周运动
110_22.jpg,D,A;B;C;D,困难,1,牛顿第二定律,,牛顿第一定律
110_22a.jpg,B,A;B;C;D,简单,1,,,能量守恒定律与能源
110_23.jpg,C,A;B;C;D,一般,1,匀变速直线运动的速度与时间的关系,,
110_23a.jpg,B,A;B;C;D,困难,1,平抛运动,,重力　基本相互作用
110_24.jpg,A,A;B;C;D,困难,1,,实验：用打点计时器测速度,
110_24a.jpg,C,A;B;C;D,困难,1,弹力,,匀变速直线运动的速度与时间的关系
110_25a.jpg,B,A;B;C;D,一般,1,力学单位制,实验：验证机械能守恒定律,实验：验证机械能守恒定律
110_26a.jpg,D,A;B;C;D,一般,1,机械能守恒定律,匀变速直线运动的研究,太阳与行星间的引力
110_27a.jpg,C,A;B;C;D,困难,1,运动的描述,,
110_28a.jpg,B,A;B;C;D,一般,1,,圆周运动,力学单位制
110_29a.jpg,B,A;B;C;D,困难,1,,时间和位移,
110_2a.jpg,A,A;B;C;D,困难,1,匀变速直线运动的研究,实验：研究平抛运动,机械能守恒定律
110_3.jpg,A,A;B;C;D,一般,1,,动能和动能定理,匀变速直线运动的速度与时间的关系
110_30a.jpg,A,A;B;C;D,困难,1,功,实验：验证机械能守恒定律,
110_31a.jpg,D,A;B;C;D,一般,1,万有引力与航天,,
110_32a.jpg,D,A;B;C;D,困难,1,曲线运动,,行星的运动
110_33a.jpg,A,A;B;C;D,一般,1,实验：探究功与速度变化的关系,,
110_34a.jpg,C,A;B;C;D,一般,1,,实验：探究小车速度随时间变化的规律,追寻守恒量——能量
110_35a.jpg,C,A;B;C;D,简单,1,,,
110_36a.jpg,B,A;B;C;D,简单,1,,探究弹性势能的表达式,
110_37a.jpg,D,A;B;C;D,一般,1,,,
110_38a.jpg,A,A;B;C;D,简单,1,功率,伽利略对自由落体运动的研究,实验：探究加速度与力、质量的关系
110_39a.jpg,D,A;B;C;D,一般,1,实验：探究功与速度变化的关系,,功率
110_3a.jpg,D,A;B;C;D,简单,1,牛顿第一定律,功率,功
110_4.jpg,C,A;B;C;D,简单,1,宇宙航行,动能和动能定理,匀变速直线运动的速度与时间的关系
110_40a.jpg,A,A;B;C;D,一般,1,牛顿运动定律,,
110_41a.jpg,B,A;B;C;D,一般,1,,力学单位制,重力势能
110_42a.jpg,D,A;B;C;D,困难,1,行星的运动,,万有引力理论的成就
110_43a.jpg,D,A;B;C;D,简单,1,,,伽利略对自由落体运动的研究
110_44a.jpg,C,A;B;C;D,一般,1,,,牛顿第二定律
110_45a.jpg,D,A;B;C;D,一般,1,质点、参考系和坐标系,,
110_46a.jpg,C,A;B;C;D,一般,1,功,,功
110_47a.jpg,A,A;B;C;D,简单,1,,匀变速直线运动的速度与位移的关系,实验：探究功与速度变化的关系
110_48a.jpg,A,A;B;C;D,一般,1,牛顿第一定律,,
110_49a.jpg,B,A;B;C;D,简单,1,,,平抛运动
110_4a.jpg,A,A;B;C;D,困难,1,,万有引力定律,
110_5.jpg,B,A;B;C;D,一般,1,,,匀变速直线运动的研究
110_50a.jpg,C,A;B;C;D,困难,1,实验：用打点计时器测速度,力学单位制,
110_51a.jpg,C,A;B;C;D,简单,1,重力　基本相互作用,万有引力理论的成就,
110_52a.jpg,A,A;B;C;D,一般,1,向心加速度,重力　基本相互作用,
110_53a.jpg,A,A;B;C;D,简单,1,万有引力定律,,行星的运动
110_54a.jpg,C,A;B;C;D,一般,1,弹力,匀变速直线运动的速度与位移的关系,运动的描述
110_55a.jpg,A,A;B;C;D,困难,1,,平抛运动,曲线运动
110_56a.jpg,A,A;B;C;D,简单,1,,,
110_57a.jpg,B,A;B;C;D,一般,1,,万有引力与航天,匀变速直线运动的速度与位移的关系
110_58a.jpg,C,A;B;C;D,一般,1,用牛顿运动定律解决问题（一）,重力势能,
110_59a.jpg,C,A;B;C;D,简单,1,,匀变速直线运动的速度与时间的关系,
110_5a.jpg,B,A;B;C;D,简单,1,,,牛顿第三定律
110_6.jpg,D,A;B;C;D,简单,1,,质点、参考系和坐标系,力学单位制
110_60a.jpg,D,A;B;C;D,简单,1,匀变速直线运动的位移与时间的关系,能量守恒定律与能源,
110_61a.jpg,A,A;B;C;D,一般,1,,,
110_62a.jpg,A,A;B;C;D,一般,1,,,运动快慢的描述--速度
110_63a.jpg,B,A;B;C;D,简单,1,万有引力定律,,探究弹性势能的表达式
110_64a.jpg,B,A;B;C;D,简单,1,,,能量守恒定律与能源
110_65a.jpg,B,A;B;C;D,简单,1,,,
110_66a.jpg,D,A;B;C;D,困难,1,重力　基本相互作用,探究弹性势能的表达式,
110_67a.jpg,B,A;B;C;D,困难,1,,,
110_68a.jpg,B,A;B;C;D,一般,1,,,
110_69a.jpg,B,A;B;C;D,简单,1,,,动能和动能定理
110_6a.jpg,A,A;B;C;D,困难,1,重力　基本相互作用,,
110_7.jpg,A,A;B;C;D,困难,1,摩擦力,,
110_70a.jpg,B,A;B;C;D,简单,1,,,自由落体运动
110_71a.jpg,C,A;B;C;D,一般,1,,,实验：探究功与速度变化的关系
110_72a.jpg,D,A;B;C;D,简单,1,圆周运动,牛顿运动定律,行星的运动
110_73a.jpg,A,A;B;C;D,简单,1,,,匀变速直线运动的速度与位移的关系
110_74a.jpg,D,A;B;C;D,一般,1,,探究弹性势能的表达式,匀变速直线运动的位移与时间的关系
110_75a.jpg,B,A;B;C;D,困难,1,,,摩擦力
110_76a.jpg,A,A;B;C;D,一般,1,功率,曲线运动,宇宙航行
110_77a.jpg,C,A;B;C;D,简单,1,匀变速直线运动的位移与时间的关系,太阳与行星间的引力,匀变速直线运动的位移与时间的关系
110_78a.jpg,D,A;B;C;D,困难,1,,行星的运动,
110_79a.jpg,D,A;B;C;D,一般,1,,,
110_7a.jpg,C,A;B;C;D,一般,1,机械能守恒定律,曲线运动,时间和位移
110_8.jpg,A,A;B;C;D,一般,1,,实验：验证机械能守恒定律,
110_80a.jpg,A,A;B;C;D,困难,1,用牛顿运动定律解决问题（二）,摩擦力,
110_81a.jpg,B,A;B;C;D,困难,1,匀变速直线运动的位移与时间的关系,,牛顿第二定律
110_82a.jpg,D,A;B;C;D,简单,1,实验：探究功与速度变化的关系,,
110_83a.jpg,D,A;B;C;D,困难,1,牛顿第三定律,,实验：研究平抛运动
110_84a.jpg,B,A;B;C;D,困难,1,实验：验证机械能守恒定律,弹力,
110_85a.jpg,D,A;B;C;D,困难,1,功,万有引力定律,质点、参考系和坐标系
110_86a.jpg,D,A;B;C;D,简单,1,,,
110_87a.jpg,A,A;B;C;D,困难,1,伽利略对自由落体运动的研究,,实验：用打点计时器测速度
110_88a.jpg,C,A;B;C;D,困难,1,,平抛运动,用牛顿运动定律解决问题（二）
110_89a.jpg,C,A;B;C;D,困难,1,万有引力与航天,实验：探究功与速度变化的关系,力学单位制
110_8a.jpg,C,A;B;C;D,简单,1,,,万有引力与航天
110_9.jpg,A,A;B;C;D,一般,1,太阳与行星间的引力,万有引力与航天,探究弹性势能的表达式
110_90a.jpg,D,A;B;C;D,简单,1,,牛顿第一定律,匀变速直线运动的位移与时间的关系
110_91a.jpg,C,A;B;C;D,一般,1,力的分解,,
110_92a.jpg,C,A;B;C;D,一般,1,用牛顿运动定律解决问题（二）,实验：研究平抛运动,牛顿第三定律
110_93a.jpg,A,A;B;C;D,一般,1,质点、参考系和坐标系,摩擦力,
110_94a.jpg,D,A;B;C;D,困难,1,摩擦力,功,
110_95a.jpg,A,A;B;C;D,困难,1,,追寻守恒量——能量,重力　基本相互作用
110_96a.jpg,D,A;B;C;D,困难,1,平抛运动,时间和位移,
110_97a.jpg,C,A;B;C;D,简单,1,,用牛顿运动定律解决问题（一）,
110_98a.jpg,B,A;B;C;D,一般,1,向心加速度,能量守恒定律与能源,力学单位制
110_99a.jpg,D,A;B;C;D,简单,1,,匀变速直线运动的速度与时间的关系,
110_9a.jpg,C,A;B;C;D,一般,1,功率,宇宙航行,
